Re,AoA,CD,CL,L/D
1000,35,0.8780313517314653,1.577727312990615,1.7968917737155505
2000,15,0.5196350809144067,0.8431806677198955,1.6226400000480004
2000,20,0.6082752179507911,1.1505451238641478,1.891487750791823
2000,25,0.6508317299149141,1.312676428001565,2.01692137562681
2000,30,0.7275829892350902,1.475305312259505,2.027679775485814
2000,35,0.8336163838784473,1.5946152559047568,1.9128885741013382
2000,40,1.1273293302896443,1.4396322009826052,1.2770289588870372
