Re,AoA,CD,CL,L/D
1000,35,0.8704615231881432,1.5697885065798094,1.803397927148254
2000,35,0.8356123146794783,1.5950268411396513,1.9088120329479192
